category,manufacturer,model,part,part_category
,Ammann,,,
RollerParts,,,,
ExcavatorParts,,,,
OtherParts,,,,
BackhoeParts,,,,
RollerParts,,,,
ExcavatorParts,,,,
ExcavatorParts,,,,
BackhoeParts,,,,
CraneParts,,,,
Engines&EngineParts,,,,
BackhoeParts,,,,
LoaderParts,,,,
BackhoeParts,,,,
Engines&EngineParts,,,,
OffRoadTruckParts,,,,
BackhoeParts,,,,
RollerParts,,ASC100,,
ExcavatorParts,,1304M,,
OtherParts,,ROCF9-11,,
BackhoeParts,,315SJ,,
BackhoeParts,,670G,,
BackhoeParts,,1806C,,
BackhoeParts,,B20C,,
RollerParts,,BW100,,
ExcavatorParts,,DX140LCR,,
ExcavatorParts,,430,,
ExcavatorParts,,212,,
BackhoeParts,,BX70,,
BackhoeParts,,218HSL,,
BackhoeParts,,DX40-C,,
BackhoeParts,,EX100,,
BackhoeParts,,AH350,,
CraneParts,,HC25E,,
CraneParts,,H70,,
CraneParts,,R110-7,,
CraneParts,,100D-7,,
CraneParts,,HL730-7,,
Engines&EngineParts,,,,
BackhoeParts,,1CX,,
BackhoeParts,,,,
BackhoeParts,,JS110,,
BackhoeParts,,403,,
BackhoeParts,,712,,
LoaderParts,,45ZIV,,
BackhoeParts,,WB91R-1,,
BackhoeParts,,LC755-3-EC,,
BackhoeParts,,D135A-1,,
BackhoeParts,,PC01-1A,,
BackhoeParts,,GD305,,
BackhoeParts,,WA700-1R,,
Engines&EngineParts,,,,
OffRoadTruckParts,,DA30,,
BackhoeParts,,BL60,,
BackhoeParts,,EC13,,
BackhoeParts,,G710,,
BackhoeParts,,L220D,,
BackhoeParts,,5350BM,,
BackhoeParts,,SD100C,,
,,, ND011710,LEFT COVER
,,, ND001404,CABIN WELDMENT
,,, ND001404,CABIN WELDMENT
,,, ND001404,CABIN WELDMENT
,,, ND001404,CABIN WELDMENT
,,, ND001404,CABIN WELDMENT
,,, ND001404,CABIN WELDMENT
,,, ND001404,CABIN WELDMENT
,,, ND002463,HOLDER
,,, ND011870,SCRAPERS
,,, ND011870,SCRAPERS
,,, ND002463,HOLDER
,,, MD112972,CLIP
,,, ND001709,LEFT-HAND SIDE GLASS
,,, MD112972,CLIP
,,, ND014241,FLANGE
,,, ND014241,FLANGE
,,, ND014241,FLANGE
,,, ND014241,FLANGE
,,, ND011870,SCRAPERS
,,, ND011582,GUIDEWAY OF SEAT
,,, ND001404,CABIN WELDMENT
,,, ND001404,CABIN WELDMENT
,,, ND001404,CABIN WELDMENT
,,, ND002463,HOLDER
,,, ND002463,HOLDER
,,, 1002195,O-RING
,,, 1002140,ALLEN SCREW
,,, 1002140,ALLEN SCREW
,,, 1003107,NUT
,,, 1012426,WASHER A3C
,,, 1002140,ALLEN SCREW
,,, 1002140,ALLEN SCREW
,,, 1012426,WASHER A3C
